[
    {
      "name_uz": "Afg'oniston",
      "name_ru": "Афганистан",
      "name_en": "Afghanistan",
      "code": "AF"
    },
    {
      "name_uz": "Aland orollari",
      "name_ru": "Аландские острова",
      "name_en": "Åland Islands",
      "code": "AX"
    },
    {
      "name_uz": "Albaniya",
      "name_ru": "Албания",
      "name_en": "Albania",
      "code": "AL"
    },
    {
      "name_uz": "Aljir",
      "name_ru": "Алжир",
      "name_en": "Algeria",
      "code": "DZ"
    },
    {
      "name_uz": "Amerika Samoasi",
      "name_ru": "Американское Самоа",
      "name_en": "American Samoa",
      "code": "AS"
    },
    {
      "name_uz": "Andorra",
      "name_ru": "Андорра",
      "name_en": "AndorrA",
      "code": "AD"
    },
    {
      "name_uz": "Angola",
      "name_ru": "Ангола",
      "name_en": "Angola",
      "code": "AO"
    },
    {
      "name_uz": "Angilya",
      "name_ru": "Ангилья",
      "name_en": "Anguilla",
      "code": "AI"
    },
    {
      "name_uz": "Antarktida",
      "name_ru": "Антарктида",
      "name_en": "Antarctica",
      "code": "AQ"
    },
    {
      "name_uz": "Antigua va Barbuda",
      "name_ru": "Антигуа и Барбуда",
      "name_en": "Antigua and Barbuda",
      "code": "AG"
    },
    {
      "name_uz": "Argentina",
      "name_ru": "Аргентина",
      "name_en": "Argentina",
      "code": "AR"
    },
    {
      "name_uz": "Armaniston",
      "name_ru": "Армения",
      "name_en": "Armenia",
      "code": "AM"
    },
    {
      "name_uz": "Aruba",
      "name_ru": "Аруба",
      "name_en": "Aruba",
      "code": "AW"
    },
    {
      "name_uz": "Avstraliya",
      "name_ru": "Австралия",
      "name_en": "Australia",
      "code": "AU"
    },
    {
      "name_uz": "Avstriya",
      "name_ru": "Австрия",
      "name_en": "Austria",
      "code": "AT"
    },
    {
      "name_uz": "Ozarbayjon",
      "name_ru": "Азербайджан",
      "name_en": "Azerbaijan",
      "code": "AZ"
    },
    {
      "name_uz": "Bagama orollari",
      "name_ru": "Багамские острова",
      "name_en": "Bahamas",
      "code": "BS"
    },
    {
      "name_uz": "Bahrayn",
      "name_ru": "Бахрейн",
      "name_en": "Bahrain",
      "code": "BH"
    },
    {
      "name_uz": "Bangladesh",
      "name_ru": "Бангладеш",
      "name_en": "Bangladesh",
      "code": "BD"
    },
    {
      "name_uz": "Barbados",
      "name_ru": "Барбадос",
      "name_en": "Barbados",
      "code": "BB"
    },
    {
      "name_uz": "Belarus",
      "name_ru": "Беларусь",
      "name_en": "Belarus",
      "code": "BY"
    },
    {
      "name_uz": "Belgiya",
      "name_ru": "Бельгия",
      "name_en": "Belgium",
      "code": "BE"
    },
    {
      "name_uz": "Beliz",
      "name_ru": "Белиз",
      "name_en": "Belize",
      "code": "BZ"
    },
    {
      "name_uz": "Benin",
      "name_ru": "Бенин",
      "name_en": "Benin",
      "code": "BJ"
    },
    {
      "name_uz": "Bermuda orollari",
      "name_ru": "Бермудские острова",
      "name_en": "Bermuda",
      "code": "BM"
    },
    {
      "name_uz": "Butan",
      "name_ru": "Бутан",
      "name_en": "Bhutan",
      "code": "BT"
    },
    {
      "name_uz": "Boliviya",
      "name_ru": "Боливия",
      "name_en": "Bolivia",
      "code": "BO"
    },
    {
      "name_uz": "Bosniya va Gertsegovina",
      "name_ru": "Босния и Герцеговина",
      "name_en": "Bosnia and Herzegovina",
      "code": "BA"
    },
    {
      "name_uz": "Botsvana",
      "name_ru": "Ботсвана",
      "name_en": "Botswana",
      "code": "BW"
    },
    {
      "name_uz": "Braziliya",
      "name_ru": "Бразилия",
      "name_en": "Brazil",
      "code": "BR"
    },
    {
      "name_uz": "Britaniya Hind okeani hududi",
      "name_ru": "Британская территория в Индийском океане",
      "name_en": "British Indian Ocean Territory",
      "code": "IO"
    },
    {
      "name_uz": "Bruney",
      "name_ru": "Бруней",
      "name_en": "Brunei Darussalam",
      "code": "BN"
    },
    {
      "name_uz": "Bolgariya",
      "name_ru": "Болгария",
      "name_en": "Bulgaria",
      "code": "BG"
    },
    {
      "name_uz": "Burkina-Faso",
      "name_ru": "Буркина-Фасо",
      "name_en": "Burkina Faso",
      "code": "BF"
    },
    {
      "name_uz": "Burundi",
      "name_ru": "Бурунди",
      "name_en": "Burundi",
      "code": "BI"
    },
    {
      "name_uz": "Kambodja",
      "name_ru": "Камбоджа",
      "name_en": "Cambodia",
      "code": "KH"
    },
    {
      "name_uz": "Kamerun",
      "name_ru": "Камерун",
      "name_en": "Cameroon",
      "code": "CM"
    },
    {
      "name_uz": "Kanada",
      "name_ru": "Канада",
      "name_en": "Canada",
      "code": "CA"
    },
    {
      "name_uz": "Kabo-Verde",
      "name_ru": "Кабо-Верде",
      "name_en": "Cape Verde",
      "code": "CV"
    },
    {
      "name_uz": "Kayman orollari",
      "name_ru": "Каймановы острова",
      "name_en": "Cayman Islands",
      "code": "KY"
    },
    {
      "name_uz": "Markaziy Afrika Respublikasi",
      "name_ru": "Центральноафриканская Республика",
      "name_en": "Central African Republic",
      "code": "CF"
    },
    {
      "name_uz": "Chad",
      "name_ru": "Чад",
      "name_en": "Chad",
      "code": "TD"
    },
    {
      "name_uz": "Chili",
      "name_ru": "Чили",
      "name_en": "Chile",
      "code": "CL"
    },
    {
      "name_uz": "Xitoy",
      "name_ru": "Китай",
      "name_en": "China",
      "code": "CN"
    },
    {
      "name_uz": "Rojdestvo oroli",
      "name_ru": "Остров Рождества",
      "name_en": "Christmas Island",
      "code": "CX"
    },
    {
      "name_uz": "Kokos (Kiling) orollari",
      "name_ru": "Кокосовые (Килинг) острова",
      "name_en": "Cocos (Keeling) Islands",
      "code": "CC"
    },
    {
      "name_uz": "Kolumbiya",
      "name_ru": "Колумбия",
      "name_en": "Colombia",
      "code": "CO"
    },
    {
      "name_uz": "Komor orollari",
      "name_ru": "Коморские острова",
      "name_en": "Comoros",
      "code": "KM"
    },
    {
      "name_uz": "Kongo",
      "name_ru": "Конго",
      "name_en": "Congo",
      "code": "CG"
    },
    {
      "name_uz": "Kongo DR",
      "name_ru": "Демократическая Республика Конго",
      "name_en": "Congo, The Democratic Republic of the",
      "code": "CD"
    },
    {
      "name_uz": "Kuk orollari",
      "name_ru": "Острова Кука",
      "name_en": "Cook Islands",
      "code": "CK"
    },
    {
      "name_uz": "Kosta-Rika",
      "name_ru": "Коста-Рика",
      "name_en": "Costa Rica",
      "code": "CR"
    },
    {
      "name_uz": "Xorvatiya",
      "name_ru": "Хорватия",
      "name_en": "Croatia",
      "code": "HR"
    },
    {
      "name_uz": "Kuba",
      "name_ru": "Куба",
      "name_en": "Cuba",
      "code": "CU"
    },
    {
      "name_uz": "Kipr",
      "name_ru": "Кипр",
      "name_en": "Cyprus",
      "code": "CY"
    },
    {
      "name_uz": "Chexiya Respublikasi",
      "name_ru": "Чешская Республика",
      "name_en": "Czech Republic",
      "code": "CZ"
    },
    {
      "name_uz": "Daniya",
      "name_ru": "Дания",
      "name_en": "Denmark",
      "code": "DK"
    },
    {
      "name_uz": "Jibuti",
      "name_ru": "Джибути",
      "name_en": "Djibouti",
      "code": "DJ"
    },
    {
      "name_uz": "Dominika",
      "name_ru": "Доминика",
      "name_en": "Dominica",
      "code": "DM"
    },
    {
      "name_uz": "Dominikan Respublikasi",
      "name_ru": "Доминиканская Республика",
      "name_en": "Dominican Republic",
      "code": "DO"
    },
    {
      "name_uz": "Ekvador",
      "name_ru": "Эквадор",
      "name_en": "Ecuador",
      "code": "EC"
    },
    {
      "name_uz": "Misr",
      "name_ru": "Египет",
      "name_en": "Egypt",
      "code": "EG"
    },
    {
      "name_uz": "Salvador",
      "name_ru": "Сальвадор",
      "name_en": "El Salvador",
      "code": "SV"
    },
    {
      "name_uz": "Ekvatorial Gvineya",
      "name_ru": "Экваториальная Гвинея",
      "name_en": "Equatorial Guinea",
      "code": "GQ"
    },
    {
      "name_uz": "Eritreya",
      "name_ru": "Эритрея",
      "name_en": "Eritrea",
      "code": "ER"
    },
    {
      "name_uz": "Estoniya",
      "name_ru": "Эстония",
      "name_en": "Estonia",
      "code": "EE"
    },
    {
      "name_uz": "Efiopiya",
      "name_ru": "Эфиопия",
      "name_en": "Ethiopia",
      "code": "ET"
    },
    {
      "name_uz": "Folklend orollari",
      "name_ru": "Фолклендские острова",
      "name_en": "Falkland Islands (Malvinas)",
      "code": "FK"
    },
    {
      "name_uz": "Farer orollari",
      "name_ru": "Фарерские острова",
      "name_en": "Faroe Islands",
      "code": "FO"
    },
    {
      "name_uz": "Fiji",
      "name_ru": "Фиджи",
      "name_en": "Fiji",
      "code": "FJ"
    },
    {
      "name_uz": "Finlyandiya",
      "name_ru": "Финляндия",
      "name_en": "Finland",
      "code": "FI"
    },
    {
      "name_uz": "Fransiya",
      "name_ru": "Франция",
      "name_en": "France",
      "code": "FR"
    },
    {
      "name_uz": "Fransuz Gvianasi",
      "name_ru": "Французская Гвиана",
      "name_en": "French Guiana",
      "code": "GF"
    },
    {
      "name_uz": "Fransuz Polineziyasi",
      "name_ru": "Французская Полинезия",
      "name_en": "French Polynesia",
      "code": "PF"
    },
    {
      "name_uz": "Janubiy Fransuz hududi",
      "name_ru": "Южные Французские территории",
      "name_en": "French Southern Territories",
      "code": "TF"
    },
    {
      "name_uz": "Gabon",
      "name_ru": "Габон",
      "name_en": "Gabon",
      "code": "GA"
    },
    {
      "name_uz": "Gambia",
      "name_ru": "Гамбия",
      "name_en": "Gambia",
      "code": "GM"
    },
    {
      "name_uz": "Gruziya",
      "name_ru": "Грузия",
      "name_en": "Georgia",
      "code": "GE"
    },
    {
      "name_uz": "Germaniya",
      "name_ru": "Германия",
      "name_en": "Germany",
      "code": "DE"
    },
    {
      "name_uz": "Gana",
      "name_ru": "Гана",
      "name_en": "Ghana",
      "code": "GH"
    },
    {
      "name_uz": "Gibraltar",
      "name_ru": "Гибралтар",
      "name_en": "Gibraltar",
      "code": "GI"
    },
    {
      "name_uz": "Yunoniston",
      "name_ru": "Греция",
      "name_en": "Greece",
      "code": "GR"
    },
    {
      "name_uz": "Grenlandiya",
      "name_ru": "Гренландия",
      "name_en": "Greenland",
      "code": "GL"
    },
    {
      "name_uz": "Grenada",
      "name_ru": "Гренада",
      "name_en": "Grenada",
      "code": "GD"
    },
    {
      "name_uz": "Gvadelupa",
      "name_ru": "Гваделупа",
      "name_en": "Guadeloupe",
      "code": "GP"
    },
    {
      "name_uz": "Guam",
      "name_ru": "Гуам",
      "name_en": "Guam",
      "code": "GU"
    },
    {
      "name_uz": "Gvatemala",
      "name_ru": "Гватемала",
      "name_en": "Guatemala",
      "code": "GT"
    },
    {
      "name_uz": "Gernsi",
      "name_ru": "Гернси",
      "name_en": "Guernsey",
      "code": "GG"
    },
    {
      "name_uz": "Gvineya",
      "name_ru": "Гвинея",
      "name_en": "Guinea",
      "code": "GN"
    },
    {
      "name_uz": "Gvineya-Bisau",
      "name_ru": "Гвинея-Бисау",
      "name_en": "Guinea-Bissau",
      "code": "GW"
    },
    {
      "name_uz": "Gayana",
      "name_ru": "Гайана",
      "name_en": "Guyana",
      "code": "GY"
    },
    {
      "name_uz": "Gaiti",
      "name_ru": "Гаити",
      "name_en": "Haiti",
      "code": "HT"
    },
    {
      "name_uz": "Gavaj orollari",
      "name_ru": "Гавайские о-ва",
      "name_en": "Heard Island and Mcdonald Islands",
      "code": "HM"
    },
    {
      "name_uz": "Vatikan",
      "name_ru": "Ватикан",
      "name_en": "Holy See (Vatican City State)",
      "code": "VA"
    },
    {
      "name_uz": "Gonduras",
      "name_ru": "Гондурас",
      "name_en": "Honduras",
      "code": "HN"
    },
    {
      "name_uz": "Gong Kong",
      "name_ru": "Гонконг",
      "name_en": "Hong Kong",
      "code": "HK"
    },
    {
      "name_uz": "Vengriya",
      "name_ru": "Венгрия",
      "name_en": "Hungary",
      "code": "HU"
    },
    {
      "name_uz": "Islandiya",
      "name_ru": "Исландия",
      "name_en": "Iceland",
      "code": "IS"
    },
    {
      "name_uz": "Hindiston",
      "name_ru": "Индия",
      "name_en": "India",
      "code": "IN"
    },
    {
      "name_uz": "Indoneziya",
      "name_ru": "Индонезия",
      "name_en": "Indonesia",
      "code": "ID"
    },
    {
      "name_uz": "Eron",
      "name_ru": "Иран",
      "name_en": "Iran, Islamic Republic Of",
      "code": "IR"
    },
    {
      "name_uz": "Iroq",
      "name_ru": "Ирак",
      "name_en": "Iraq",
      "code": "IQ"
    },
    {
      "name_uz": "Irlandiya",
      "name_ru": "Ирландия",
      "name_en": "Ireland",
      "code": "IE"
    },
    {
      "name_uz": "Men oroli",
      "name_ru": "Остров Мэн",
      "name_en": "Isle of Man",
      "code": "IM"
    },
    {
      "name_uz": "Isroil",
      "name_ru": "Израиль",
      "name_en": "Israel",
      "code": "IL"
    },
    {
      "name_uz": "Italiya",
      "name_ru": "Италия",
      "name_en": "Italy",
      "code": "IT"
    },
    {
      "name_uz": "Yamayka",
      "name_ru": "Ямайка",
      "name_en": "Jamaica",
      "code": "JM"
    },
    {
      "name_uz": "Yaponiya",
      "name_ru": "Япония",
      "name_en": "Japan",
      "code": "JP"
    },
    {
      "name_uz": "Jersi",
      "name_ru": "Джерси",
      "name_en": "Jersey",
      "code": "JE"
    },
    {
      "name_uz": "Iordaniya",
      "name_ru": "Иордания",
      "name_en": "Jordan",
      "code": "JO"
    },
    {
      "name_uz": "Qozog'iston",
      "name_ru": "Казахстан",
      "name_en": "Kazakhstan",
      "code": "KZ"
    },
    {
      "name_uz": "Kenya",
      "name_ru": "Кения",
      "name_en": "Kenya",
      "code": "KE"
    },
    {
      "name_uz": "Kiribati",
      "name_ru": "Кирибати",
      "name_en": "Kiribati",
      "code": "KI"
    },
    {
      "name_uz": "Koreya",
      "name_ru": "Корея",
      "name_en": "Korea, Republic of",
      "code": "KR"
    },
    {
      "name_uz": "Kuvayt",
      "name_ru": "Кувейт",
      "name_en": "Kuwait",
      "code": "KW"
    },
    {
      "name_uz": "Kyrgyzstan",
      "name_ru": "Киргизия",
      "name_en": "Kyrgyzstan",
      "code": "KG"
    },
    {
      "name_uz": "Latviya",
      "name_ru": "Латвия",
      "name_en": "Latvia",
      "code": "LV"
    },
    {
      "name_uz": "Livan",
      "name_ru": "Ливан",
      "name_en": "Lebanon",
      "code": "LB"
    },
    {
      "name_uz": "Lesoto",
      "name_ru": "Лесото",
      "name_en": "Lesotho",
      "code": "LS"
    },
    {
      "name_uz": "Liberiya",
      "name_ru": "Либерия",
      "name_en": "Liberia",
      "code": "LR"
    },
    {
      "name_uz": "Liviya",
      "name_ru": "Ливия",
      "name_en": "Libyan Arab Jamahiriya",
      "code": "LY"
    },
    {
      "name_uz": "Lixtenstayn",
      "name_ru": "Лихтенштейн",
      "name_en": "Liechtenstein",
      "code": "LI"
    },
    {
      "name_uz": "Litva",
      "name_ru": "Литва",
      "name_en": "Lithuania",
      "code": "LT"
    },
    {
      "name_uz": "Lyuksemburg",
      "name_ru": "Люксембург",
      "name_en": "Luxembourg",
      "code": "LU"
    },
    {
      "name_uz": "Makao",
      "name_ru": "Макао",
      "name_en": "Macao",
      "code": "MO"
    },
    {
      "name_uz": "Makedoniya",
      "name_ru": "Македония",
      "name_en": "Macedonia, The Former Yugoslav Republic of",
      "code": "MK"
    },
    {
      "name_uz": "Madagaskar",
      "name_ru": "Мадагаскар",
      "name_en": "Madagascar",
      "code": "MG"
    },
    {
      "name_uz": "Malavi",
      "name_ru": "Малави",
      "name_en": "Malawi",
      "code": "MW"
    },
    {
      "name_uz": "Malayziya",
      "name_ru": "Малайзия",
      "name_en": "Malaysia",
      "code": "MY"
    },
    {
      "name_uz": "Maldiv orollari",
      "name_ru": "Мальдивы",
      "name_en": "Maldives",
      "code": "MV"
    },
    {
      "name_uz": "Mali",
      "name_ru": "Мали",
      "name_en": "Mali",
      "code": "ML"
    },
    {
      "name_uz": "Malta",
      "name_ru": "Мальта",
      "name_en": "Malta",
      "code": "MT"
    },
    {
      "name_uz": "Marshal orollari",
      "name_ru": "Маршалловы острова",
      "name_en": "Marshall Islands",
      "code": "MH"
    },
    {
      "name_uz": "Martinika",
      "name_ru": "Мартиника",
      "name_en": "Martinique",
      "code": "MQ"
    },
    {
      "name_uz": "Mavritaniya",
      "name_ru": "Мавритания",
      "name_en": "Mauritania",
      "code": "MR"
    },
    {
      "name_uz": "Mavrikiy",
      "name_ru": "Маврикий",
      "name_en": "Mauritius",
      "code": "MU"
    },
    {
      "name_uz": "Mayotta",
      "name_ru": "Майотта",
      "name_en": "Mayotte",
      "code": "YT"
    },
    {
      "name_uz": "Meksika",
      "name_ru": "Мексика",
      "name_en": "Mexico",
      "code": "MX"
    },
    {
      "name_uz": "Mikroneziya",
      "name_ru": "Микронезия",
      "name_en": "Micronesia, Federated States of",
      "code": "FM"
    },
    {
      "name_uz": "Moldova",
      "name_ru": "Молдова",
      "name_en": "Moldova, Republic of",
      "code": "MD"
    },
    {
      "name_uz": "Monako",
      "name_ru": "Монако",
      "name_en": "Monaco",
      "code": "MC"
    },
    {
      "name_uz": "Mongoliya",
      "name_ru": "Монголия",
      "name_en": "Mongolia",
      "code": "MN"
    },
    {
      "name_uz": "Montserrat",
      "name_ru": "Монтсеррат",
      "name_en": "Montserrat",
      "code": "MS"
    },
    {
      "name_uz": "Fas",
      "name_ru": "Марокко",
      "name_en": "Morocco",
      "code": "MA"
    },
    {
      "name_uz": "Mozambik",
      "name_ru": "Мозамбик",
      "name_en": "Mozambique",
      "code": "MZ"
    },
    {
      "name_uz": "Myanma",
      "name_ru": "Мьянма",
      "name_en": "Myanmar",
      "code": "MM"
    },
    {
      "name_uz": "Namibiya",
      "name_ru": "Намибия",
      "name_en": "Namibia",
      "code": "NA"
    },
    {
      "name_uz": "Nauru",
      "name_ru": "Науру",
      "name_en": "Nauru",
      "code": "NR"
    },
    {
      "name_uz": "Nepal",
      "name_ru": "Непал",
      "name_en": "Nepal",
      "code": "NP"
    },
    {
      "name_uz": "Niderland",
      "name_ru": "Нидерланды",
      "name_en": "Netherlands",
      "code": "NL"
    },
    {
      "name_uz": "Niderland Antillari",
      "name_ru": "Нидерландские Антильские острова",
      "name_en": "Netherlands Antilles",
      "code": "AN"
    },
    {
      "name_uz": "Yangi Kaledoniya",
      "name_ru": "Новая Каледония",
      "name_en": "New Caledonia",
      "code": "NC"
    },
    {
      "name_uz": "Yangi Zelandiya",
      "name_ru": "Новая Зеландия",
      "name_en": "New Zealand",
      "code": "NZ"
    },
    {
      "name_uz": "Nikaragua",
      "name_ru": "Никарагуа",
      "name_en": "Nicaragua",
      "code": "NI"
    },
    {
      "name_uz": "Niger",
      "name_ru": "Нигер",
      "name_en": "Niger",
      "code": "NE"
    },
    {
      "name_uz": "Nigeriya",
      "name_ru": "Нигерия",
      "name_en": "Nigeria",
      "code": "NG"
    },
    {
      "name_uz": "Niue",
      "name_ru": "Ниуэ",
      "name_en": "Niue",
      "code": "NU"
    },
    {
      "name_uz": "Norfolk oroli",
      "name_ru": "Остров Норфолк",
      "name_en": "Norfolk Island",
      "code": "NF"
    },
    {
      "name_uz": "Shimoliy Marian orollari",
      "name_ru": "Северные Марианские острова",
      "name_en": "Northern Mariana Islands",
      "code": "MP"
    },
    {
      "name_uz": "Norvegiya",
      "name_ru": "Норвегия",
      "name_en": "Norway",
      "code": "NO"
    },
    {
      "name_uz": "Umon",
      "name_ru": "Оман",
      "name_en": "Oman",
      "code": "OM"
    },
    {
      "name_uz": "Pokiston",
      "name_ru": "Пакистан",
      "name_en": "Pakistan",
      "code": "PK"
    },
    {
      "name_uz": "Palau",
      "name_ru": "Палау",
      "name_en": "Palau",
      "code": "PW"
    },
    {
      "name_uz": "Falastin hududi",
      "name_ru": "Палестинская территория",
      "name_en": "Palestinian Territory, Occupied",
      "code": "PS"
    },
    {
      "name_uz": "Panama",
      "name_ru": "Панама",
      "name_en": "Panama",
      "code": "PA"
    },
    {
      "name_uz": "Papua Yangi Gvineya",
      "name_ru": "Папуа - Новая Гвинея",
      "name_en": "Papua New Guinea",
      "code": "PG"
    },
    {
      "name_uz": "Paragvay",
      "name_ru": "Парагвай",
      "name_en": "Paraguay",
      "code": "PY"
    },
    {
      "name_uz": "Peru",
      "name_ru": "Перу",
      "name_en": "Peru",
      "code": "PE"
    },
    {
      "name_uz": "Filippin",
      "name_ru": "Филиппины",
      "name_en": "Philippines",
      "code": "PH"
    },
    {
      "name_uz": "Pitkern",
      "name_ru": "Питкерн",
      "name_en": "Pitcairn",
      "code": "PN"
    },
    {
      "name_uz": "Polsha",
      "name_ru": "Польша",
      "name_en": "Poland",
      "code": "PL"
    },
    {
      "name_uz": "Portugaliya",
      "name_ru": "Португалия",
      "name_en": "Portugal",
      "code": "PT"
    },
    {
      "name_uz": "Puerto-Riko",
      "name_ru": "Пуэрто-Рико",
      "name_en": "Puerto Rico",
      "code": "PR"
    },
    {
      "name_uz": "Qatar",
      "name_ru": "Катар",
      "name_en": "Qatar",
      "code": "QA"
    },
    {
      "name_uz": "Reunion",
      "name_ru": "Реюньон",
      "name_en": "Reunion",
      "code": "RE"
    },
    {
      "name_uz": "Ruminiya",
      "name_ru": "Румыния",
      "name_en": "Romania",
      "code": "RO"
    },
    {
      "name_uz": "Rossiya Federatsiyasi",
      "name_ru": "Российская Федерация",
      "name_en": "Russian Federation",
      "code": "RU"
    },
    {
      "name_uz": "Ruanda",
      "name_ru": "Руанда",
      "name_en": "RWANDA",
      "code": "RW"
    },
    {
      "name_uz": "Muqaddas Elena",
      "name_ru": "Святая Елена",
      "name_en": "Saint Helena",
      "code": "SH"
    },
    {
      "name_uz": "Sent-Kits va Nevis",
      "name_ru": "Сент-Китс и Невис",
      "name_en": "Saint Kitts and Nevis",
      "code": "KN"
    },
    {
      "name_uz": "Sent-Lyusiya",
      "name_ru": "Сент-Люсия",
      "name_en": "Saint Lucia",
      "code": "LC"
    },
    {
      "name_uz": "Sent-Pyer va Mikelon",
      "name_ru": "Сент-Пьер и Микелон",
      "name_en": "Saint Pierre and Miquelon",
      "code": "PM"
    },
    {
      "name_uz": "Sent-Vinsent va Grenadinlar",
      "name_ru": "Сент-Винсент и Гренадины",
      "name_en": "Saint Vincent and the Grenadines",
      "code": "VC"
    },
    {
      "name_uz": "Samoa",
      "name_ru": "Самоа",
      "name_en": "Samoa",
      "code": "WS"
    },
    {
      "name_uz": "San-Marino",
      "name_ru": "Сан-Марино",
      "name_en": "San Marino",
      "code": "SM"
    },
    {
      "name_uz": "San-Tome va Prinsipi",
      "name_ru": "Сан-Томе и Принсипи",
      "name_en": "Sao Tome and Principe",
      "code": "ST"
    },
    {
      "name_uz": "Saudiya Arabistoni",
      "name_ru": "Саудовская Аравия",
      "name_en": "Saudi Arabia",
      "code": "SA"
    },
    {
      "name_uz": "Senegal",
      "name_ru": "Сенегал",
      "name_en": "Senegal",
      "code": "SN"
    },
    {
      "name_uz": "Serbiya va Chernogoriya",
      "name_ru": "Сербия и Черногория",
      "name_en": "Serbia and Montenegro",
      "code": "CS"
    },
    {
      "name_uz": "Seyshel orollari",
      "name_ru": "Сейшельские острова",
      "name_en": "Seychelles",
      "code": "SC"
    },
    {
      "name_uz": "Syerra-Leone",
      "name_ru": "Сьерра-Леоне",
      "name_en": "Sierra Leone",
      "code": "SL"
    },
    {
      "name_uz": "Singapur",
      "name_ru": "Сингапур",
      "name_en": "Singapore",
      "code": "SG"
    },
    {
      "name_uz": "Slovakiya",
      "name_ru": "Словакия",
      "name_en": "Slovakia",
      "code": "SK"
    },
    {
      "name_uz": "Sloveniya",
      "name_ru": "Словения",
      "name_en": "Slovenia",
      "code": "SI"
    },
    {
      "name_uz": "Solomon orollari",
      "name_ru": "Соломоновы острова",
      "name_en": "Solomon Islands",
      "code": "SB"
    },
    {
      "name_uz": "Somali",
      "name_ru": "Сомали",
      "name_en": "Somalia",
      "code": "SO"
    },
    {
      "name_uz": "Janubiy Afrika",
      "name_ru": "Южно-Африканская Республика",
      "name_en": "South Africa",
      "code": "ZA"
    },
    {
      "name_uz": "Janubiy Georgiya va Janubiy Sendvich orollari",
      "name_ru": "Южная Георгия и Южные Сандвичевы острова",
      "name_en": "South Georgia and the South Sandwich Islands",
      "code": "GS"
    },
    {
      "name_uz": "Ispaniya",
      "name_ru": "Испания",
      "name_en": "Spain",
      "code": "ES"
    },
    {
      "name_uz": "Shri-Lanka",
      "name_ru": "Шри-Ланка",
      "name_en": "Sri Lanka",
      "code": "LK"
    },
    {
      "name_uz": "Sudan",
      "name_ru": "Судан",
      "name_en": "Sudan",
      "code": "SD"
    },
    {
      "name_uz": "Surinam",
      "name_ru": "Суринам",
      "name_en": "Suriname",
      "code": "SR"
    },
    {
      "name_uz": "Svalbard va Jan Mayen",
      "name_ru": "Шпицберген и Ян-Майен",
      "name_en": "Svalbard and Jan Mayen",
      "code": "SJ"
    },
    {
      "name_uz": "Swazilend",
      "name_ru": "Свазиленд",
      "name_en": "Swaziland",
      "code": "SZ"
    },
    {
      "name_uz": "Shvetsiya",
      "name_ru": "Швеция",
      "name_en": "Sweden",
      "code": "SE"
    },
    {
      "name_uz": "Shveytsariya",
      "name_ru": "Швейцария",
      "name_en": "Switzerland",
      "code": "CH"
    },
    {
      "name_uz": "Suriya Arab Respublikasi",
      "name_ru": "Сирийская Арабская Республика",
      "name_en": "Syrian Arab Republic",
      "code": "SY"
    },
    {
      "name_uz": "Tayvan",
      "name_ru": "Тайвань",
      "name_en": "Taiwan, Province of China",
      "code": "TW"
    },
    {
      "name_uz": "Tojikiston",
      "name_ru": "Таджикистан",
      "name_en": "Tajikistan",
      "code": "TJ"
    },
    {
      "name_uz": "Tanzaniya",
      "name_ru": "Танзания",
      "name_en": "Tanzania, United Republic of",
      "code": "TZ"
    },
    {
      "name_uz": "Tailand",
      "name_ru": "Таиланд",
      "name_en": "Thailand",
      "code": "TH"
    },
    {
      "name_uz": "Timor-Leste",
      "name_ru": "Восточный Тимор",
      "name_en": "Timor-Leste",
      "code": "TL"
    },
    {
      "name_uz": "Togo",
      "name_ru": "Того",
      "name_en": "Togo",
      "code": "TG"
    },
    {
      "name_uz": "Tokelau",
      "name_ru": "Токелау",
      "name_en": "Tokelau",
      "code": "TK"
    },
    {
      "name_uz": "Tonga",
      "name_ru": "Тонга",
      "name_en": "Tonga",
      "code": "TO"
    },
    {
      "name_uz": "Trinidad va Tobago",
      "name_ru": "Тринидад и Тобаго",
      "name_en": "Trinidad and Tobago",
      "code": "TT"
    },
    {
      "name_uz": "Tunis",
      "name_ru": "Тунис",
      "name_en": "Tunisia",
      "code": "TN"
    },
    {
      "name_uz": "Turkiya",
      "name_ru": "Турция",
      "name_en": "Turkey",
      "code": "TR"
    },
    {
      "name_uz": "Turkmaniston",
      "name_ru": "Туркменистан",
      "name_en": "Turkmenistan",
      "code": "TM"
    },
    {
      "name_uz": "Turks va Kaykos orollari",
      "name_ru": "Острова Тёркс и Кайкос",
      "name_en": "Turks and Caicos Islands",
      "code": "TC"
    },
    {
      "name_uz": "Tuvalu",
      "name_ru": "Тувалу",
      "name_en": "Tuvalu",
      "code": "TV"
    },
    {
      "name_uz": "Uganda",
      "name_ru": "Уганда",
      "name_en": "Uganda",
      "code": "UG"
    },
    {
      "name_uz": "Ukraina",
      "name_ru": "Украина",
      "name_en": "Ukraine",
      "code": "UA"
    },
    {
      "name_uz": "Birlashgan Arab Amirliklari",
      "name_ru": "Объединенные Арабские Эмираты",
      "name_en": "United Arab Emirates",
      "code": "AE"
    },
    {
      "name_uz": "Birlashgan Qirollik",
      "name_ru": "Соединенное Королевство",
      "name_en": "United Kingdom",
      "code": "GB"
    },
    {
      "name_uz": "Birlashgan Shtatlar",
      "name_ru": "Соединенные Штаты",
      "name_en": "United States",
      "code": "US"
    },
    {
      "name_uz": "Birlashgan Shtatlar kichik chet el orollari",
      "name_ru": "Внешние малые острова Соединенных Штатов",
      "name_en": "United States Minor Outlying Islands",
      "code": "UM"
    },
    {
      "name_uz": "Urugvay",
      "name_ru": "Уругвай",
      "name_en": "Uruguay",
      "code": "UY"
    },
    {
      "name_uz": "O'zbekiston",
      "name_ru": "Узбекистан",
      "name_en": "Uzbekistan",
      "code": "UZ"
    },
    {
      "name_uz": "Vanuatu",
      "name_ru": "Вануату",
      "name_en": "Vanuatu",
      "code": "VU"
    },
    {
      "name_uz": "Venesuela",
      "name_ru": "Венесуэла",
      "name_en": "Venezuela",
      "code": "VE"
    },
    {
      "name_uz": "Vyetnam",
      "name_ru": "Вьетнам",
      "name_en": "Viet Nam",
      "code": "VN"
    },
    {
      "name_uz": "Virgin orollari, Britaniya",
      "name_ru": "Виргинские острова, Британские",
      "name_en": "Virgin Islands, British",
      "code": "VG"
    },
    {
      "name_uz": "Virgin orollari, AQSH",
      "name_ru": "Виргинские острова, США",
      "name_en": "Virgin Islands, U.S.",
      "code": "VI"
    },
    {
      "name_uz": "Uollis va Futuna",
      "name_ru": "Уоллис и Футуна",
      "name_en": "Wallis and Futuna",
      "code": "WF"
    },
    {
      "name_uz": "G'arbiy Sahara",
      "name_ru": "Западная Сахара",
      "name_en": "Western Sahara",
      "code": "EH"
    },
    {
      "name_uz": "Yaman",
      "name_ru": "Йемен",
      "name_en": "Yemen",
      "code": "YE"
    },
    {
      "name_uz": "Zambiya",
      "name_ru": "Замбия",
      "name_en": "Zambia",
      "code": "ZM"
    },
    {
      "name_uz": "Zimbabve",
      "name_ru": "Зимбабве",
      "name_en": "Zimbabwe",
      "code": "ZW"
    },
    {
      "name_uz": "Buvey oroli",
      "name_ru": "Остров Буве",
      "name_en": "Bouvet Island",
      "code": "BV"
    }
  ]
  