[
    {
      "name_en": "Andijan Region",
      "name_ru": "Андижанская область",
      "name_uz": "Andijon viloyati"
    },
    {
      "name_en": "Bukhara Region",
      "name_ru": "Бухарская область",
      "name_uz": "Buxoro viloyati"
    },
    {
      "name_en": "Jizzakh Region",
      "name_ru": "Джизакская область",
      "name_uz": "Jizzax viloyati"
    },
    {
      "name_en": "Kashkadarya Region",
      "name_ru": "Кашкадарьинская область",
      "name_uz": "Qashqadaryo viloyati"
    },
    {
      "name_en": "Navoi Region",
      "name_ru": "Навоийская область",
      "name_uz": "Navoiy viloyati"
    },
    {
      "name_en": "Namangan Region",
      "name_ru": "Наманганская область",
      "name_uz": "Namangan viloyati"
    },
    {
      "name_en": "Samarkand Region",
      "name_ru": "Самаркандская область",
      "name_uz": "Samarqand viloyati"
    },
    {
      "name_en": "Surkhandarya Region",
      "name_ru": "Сурхандарьинская область",
      "name_uz": "Surxondaryo viloyati"
    },
    {
      "name_en": "Syrdarya Region",
      "name_ru": "Сырдарьинская область",
      "name_uz": "Sirdaryo viloyati"
    },
    {
      "name_en": "Tashkent",
      "name_ru": " Город Ташкент",
      "name_uz": "Toshkent shahri"
    },
    {
      "name_en": "Tashkent Region",
      "name_ru": "Ташкентская область",
      "name_uz": "Toshkent viloyati"
    },
    {
      "name_en": "Fergana Region",
      "name_ru": "Ферганская область",
      "name_uz": "Farg`ona viloyati"
    },
    {
      "name_en": "Khorezm Region",
      "name_ru": "Хорезмская область",
      "name_uz": "Xorazm viloyati"
    },
    {
      "name_en": "Republic of Karakalpakstan",
      "name_ru": "Республика Каракалпакстан",
      "name_uz": "Qoraqalpog`iston Respublikasi"
    }
   ]
   